RespondentID;age;gender;country;federalState;psychosocialWorker;News_Sensitivity;Lang_Sensitivity;NewsWorry;NewsBoundaries;LangHighSensitivity;LangLowSensitivity;softDeathInjNums;verySoftDeathInjNums;newsConsumptionFrequency;newsConsumptionFrequency_numbered;p1_f_avg;p1_f_med;p1_lI_avg;p1_lI_med;p1_cB_avg;p1_cB_med;p2_f_avg;p2_f_med;p2_lI_avg;p2_lI_med;p2_cB_avg;p2_cB_med;p3_f_avg;p3_f_med;p3_lI_avg;p3_lI_med;p3_cB_avg;p3_cB_med;p4_f_avg;p4_f_med;p4_lI_avg;p4_lI_med;p4_cB_avg;p4_cB_med;p5_f_avg;p5_f_med;p5_lI_avg;p5_lI_med;p5_cB_avg;p5_cB_med;p6_f_avg;p6_f_med;p6_lI_avg;p6_lI_med;p6_cB_avg;p6_cB_med;p7_f_avg;p7_f_med;p7_lI_avg;p7_lI_med;p7_cB_avg;p7_cB_med;p8_f_avg;p8_f_med;p8_lI_avg;p8_lI_med;p8_cB_avg;p8_cB_med;p9_f_avg;p9_f_med;p9_lI_avg;p9_lI_med;p9_cB_avg;p9_cB_med;p10_f_avg;p10_f_med;p10_lI_avg;p10_lI_med;p10_cB_avg;p10_cB_med;p11_f_avg;p11_f_med;p11_lI_avg;p11_lI_med;p11_cB_avg;p11_cB_med;p12_f_avg;p12_f_med;p12_lI_avg;p12_lI_med;p12_cB_avg;p12_cB_med;p13_f_avg;p13_f_med;p13_lI_avg;p13_lI_med;p13_cB_avg;p13_cB_med;p14_f_avg;p14_f_med;p14_lI_avg;p14_lI_med;p14_cB_avg;p14_cB_med;p15_f_avg;p15_f_med;p15_lI_avg;p15_lI_med;p15_cB_avg;p15_cB_med;p16_f_avg;p16_f_med;p16_lI_avg;p16_lI_med;p16_cB_avg;p16_cB_med;p17_f_avg;p17_f_med;p17_lI_avg;p17_lI_med;p17_cB_avg;p17_cB_med;p18_f_avg;p18_f_med;p18_lI_avg;p18_lI_med;p18_cB_avg;p18_cB_med
67e2c0045c3068112fc03fac;27;male;at;OÖ;false;-2;2;0;2;1;-1;1;2;lessThanOnceWeekly;1;2.6580882352941178;3;1.1801470588235294;1;3.838235294117647;4;2.53125;3;0.5625;1;3.09375;3;2.605769230769231;3;0.5769230769230769;0.75;3.1826923076923075;3;2.25;2.25;1.5;1.5;3.75;3.75;1.78125;1.6875;0.7723214285714286;0.5625;2.5535714285714284;2.25;1.9832589285714286;2.125;0.8024553571428571;0.75;2.7857142857142856;3;1.8;1.6875;0.65;0.5625;2.45;2.25;1.5703125;1.6875;0.6147836538461539;0.5625;2.1850961538461537;2.25;2.0511363636363638;2;0.8693181818181818;1;2.9204545454545454;3;2.2556818181818183;2.25;0.8693181818181818;1;3.125;3;1.656875;1.5;0.913125;1;2.57;2;-1000;-1000;-1000;-1000;-1000;-1000;1.834375;1.84375;0.76640625;0.75;2.60078125;2.625;1.8511029411764706;1.6875;0.8318014705882353;1;2.682904411764706;2.25;1.6823381696428572;1.6875;0.8490978422619048;0.5625;2.531436011904762;2.25;1.8608224051339286;1.6875;0.6202741350446429;0.5625;2.4810965401785716;2.25;1.8548177083333333;1.6875;0.8025173611111112;0.5625;2.6573350694444446;2.25;1.3615451388888888;1.59375;0.642578125;0.5625;2.004123263888889;2.25
67e32338ff1fb9a2cda46d9d;33;female;at;OÖ;true;1;1;1;0;0;-1;1;1;never;0;0.6973684210526315;0;0.743421052631579;1;1.4407894736842106;1.5;0.5833333333333334;0;-0.057291666666666664;-0.875;0.5260416666666666;0.65625;1.3125;1.375;-0.22395833333333334;-0.65625;1.0885416666666667;1;0.90625;0.78125;0.96875;0.65625;1.875;1.6875;0.5267857142857143;0;0.7678571428571429;0.75;1.2946428571428572;0.84375;0.8169642857142857;1;0.5072544642857143;0.75;1.32421875;1.125;0.3;0;0.74951171875;0.65625;1.04951171875;0.65625;0.375;0;1.150390625;0.9375;1.525390625;2;0.75;1;1.2443181818181819;1.5;1.9943181818181819;2;0.5859375;0;1.3385416666666667;1.0625;1.9244791666666667;2;0.245625;0;1.39625;1.125;1.641875;1.6875;-1000;-1000;-1000;-1000;-1000;-1000;0.73828125;0.421875;1.1390625;1;1.87734375;1.5;0.3170955882352941;0;0.7334558823529411;1;1.0505514705882353;1.125;0.48139880952380953;0.421875;0.6807105654761905;0.84375;1.162109375;1.125;0.7895220588235294;1;0.5078412224264706;0.5625;1.29736328125;1.6875;0.4798519736842105;0.31640625;0.8213404605263158;1;1.3011924342105263;1.125;0.6659307065217391;0.31640625;0.8834918478260869;1;1.5494225543478262;1.5
67e3cb8a6696ed6564ab11b7;25;female;at;NÖ;false;-1;-1;-1;0;-1;0;2;3;oneToThreeTimesWeekly;2;1.5183823529411764;1.5;1.1397058823529411;1;2.6580882352941178;3;1.8392857142857142;2;0.9107142857142857;1;2.75;3;2.301470588235294;2.25;0.6102941176470589;0.75;2.911764705882353;2.25;1.4375;1.3125;0.65625;0.5625;2.09375;1.84375;1.2375;0.984375;0.7203125;0.703125;1.9578125;1.6875;0.9278846153846154;0.75;0.9074519230769231;0.75;1.8353365384615385;1.5;1.1127485795454546;0.6328125;0.6922940340909091;0.6328125;1.8050426136363635;1.125;0.6529017857142857;0.5625;0.9651227678571429;0.69140625;1.6180245535714286;1.4765625;1.3425;1;1.2125;1;2.555;2.25;2.03125;2.125;1.03125;1;3.0625;3;1.5863095238095237;1.5;1.1547619047619047;1.125;2.7410714285714284;2.8125;-1000;-1000;-1000;-1000;-1000;-1000;1.81015625;2;1.0796875;1;2.88984375;3;1.5944940476190477;1.265625;0.9940476190476191;0.84375;2.5885416666666665;2.109375;1.3103434244791667;1.125;0.6587727864583334;0.5625;1.9691162109375;1.6875;1.1463529146634615;1.125;0.8323692908653846;0.5625;1.9787222055288463;1.6875;1.3900669642857142;1.125;0.7399553571428571;0.5625;2.1300223214285716;1.6875;1.5971235795454546;1.59375;0.8696732954545454;0.5625;2.466796875;2.25
67e453a0deffb5b8280b9e97;26;female;at;OÖ;false;2;3;1;-1;1;-2;2;1;daily;4;1.4464285714285714;1.125;1.1726190476190477;1;2.619047619047619;3;1.6636904761904763;2;0.8363095238095238;1;2.5;3;1.946875;2.125;0.875;0.75;2.821875;2.25;1.45;1.5;0.925;1;2.375;2.5;1.3828125;1.265625;0.5859375;0.53125;1.96875;1.6875;1.0877757352941178;1;0.9434742647058824;0.75;2.03125;1.6875;1.1775251116071428;1.037109375;0.7585797991071429;0.5625;1.9361049107142858;1.4765625;1.1764322916666667;1.125;0.7220052083333334;0.59765625;1.8984375;1.6875;1.3267045454545454;1;0.8948863636363636;1;2.221590909090909;2;1.7075;2;0.975;1;2.6825;3;1.1006944444444444;1;0.9010416666666666;1;2.001736111111111;2.5;-1000;-1000;-1000;-1000;-1000;-1000;1.2994791666666667;0.984375;0.7265625;0.75;2.0260416666666665;1.59375;1.2233455882352942;1.125;0.9641544117647058;1;2.1875;2.25;1.246337890625;1.125;0.8062337239583334;0.5625;2.0525716145833335;1.6875;0.98486328125;1;0.6935029871323529;0.5625;1.678366268382353;2.25;1.3950407608695652;1.125;0.8145380434782609;0.5625;2.209578804347826;2.25;1.4209872159090908;1.5;0.662109375;0.75;2.083096590909091;2.25
67e47235ec88eb48fbbe17c8;25;female;at;OÖ;false;-3;3;-1;2;1;-2;3;3;severalTimesDaily;5;2.0243055555555554;2.25;1.0451388888888888;1;3.0694444444444446;3;2.7058823529411766;3;0.2647058823529412;0.75;2.9705882352941178;3;2.5083333333333333;2.25;0.016666666666666666;0.5625;2.525;2.25;1.96875;1.6875;0.71875;0.65625;2.6875;2.25;1.81640625;1.6875;0.69921875;0.5625;2.515625;2.25;1.7302083333333333;1.6875;0.878125;0.75;2.6083333333333334;3;1.9583333333333333;1.6875;0.8194444444444444;0.5625;2.7777777777777777;2.25;1.5868566176470589;1.6875;0.8561580882352942;0.5625;2.443014705882353;2.25;1.89;2;1.25;1;3.14;3;1.7025;2;1.4075;1.5;3.11;3;1.1354166666666667;1;1.3715277777777777;1.125;2.5069444444444446;2.8125;-1000;-1000;-1000;-1000;-1000;-1000;1.424592391304348;1.5;1.158967391304348;1;2.583559782608696;2.25;1.5251358695652173;1.6875;0.9510869565217391;0.84375;2.4762228260869565;2.25;1.3724320023148149;1.265625;0.8933376736111112;0.5625;2.265769675925926;2.25;1.7155354817708333;1.6875;0.5718451605902778;0.5625;2.287380642361111;2.25;1.45263671875;1.4765625;0.9104817708333334;0.5625;2.3631184895833335;2.25;1.2687174479166667;1.6875;0.9716796875;0.75;2.2403971354166665;2.25
67e537e26730f49a0e764766;34;female;at;Vbg;true;-3;1;-2;1;0;-1;2;1;oneToThreeTimesWeekly;2;2.1785714285714284;2.25;0.9464285714285714;0.875;3.125;3;1.9270833333333333;2.125;-0.08680555555555555;-0.65625;1.8402777777777777;2;2.341666666666667;2.25;-0.2916666666666667;-0.75;2.05;1.5;1.96875;1.6875;-0.40625;-0.5625;1.5625;1.5625;1.55859375;1.265625;0.24609375;0.3125;1.8046875;1.59375;1.4967447916666667;1.5;0.8326822916666666;1;2.3294270833333335;2.25;1.19853515625;1.037109375;0.45048828125;0.40625;1.6490234375;1.34375;1.2447916666666667;1.125;0.6979166666666666;0.5625;1.9427083333333333;1.6875;0.9895833333333334;1.0625;1.1197916666666667;1;2.109375;2;1.3392857142857142;1.0625;1.3125;1.25;2.6517857142857144;2;1.3841911764705883;1.125;0.9347426470588235;0.75;2.3189338235294117;2.25;-1000;-1000;-1000;-1000;-1000;-1000;1.1321022727272727;1.125;0.8252840909090909;0.5625;1.9573863636363635;1.6875;1.3480902777777777;1.1953125;0.7491319444444444;0.5625;2.0972222222222223;1.6875;1.4938322368421053;1.265625;0.6805098684210527;0.5625;2.174342105263158;1.6875;1.640625;1.125;0.7924107142857143;0.5625;2.4330357142857144;1.6875;1.640625;1.265625;0.6674107142857143;0.78125;2.3080357142857144;1.6875;0.64208984375;0.5;0.68798828125;0.65625;1.330078125;1.3828125
67e537ef6730f49a0e764767;21;female;at;OÖ;false;3;3;2;-1;2;-1;1;0;fourToSixTimesWeekly;3;1.755952380952381;2;1.2797619047619047;1;3.0357142857142856;3;2.1011904761904763;2;0.7767857142857143;1;2.8779761904761907;3;2.4140625;2.625;0.51171875;0.875;2.92578125;3;2.025;1.6875;0.825;0.5625;2.85;2.25;1.4360795454545454;1.265625;0.6846590909090909;0.5625;2.1207386363636362;2.109375;1.7724609375;1.6875;0.95556640625;0.921875;2.72802734375;2.53125;1.11376953125;1.125;0.7079264322916666;0.5625;1.8216959635416667;1.6875;1.135986328125;1.125;0.984375;0.69140625;2.120361328125;2;1.578804347826087;1.6875;1.502717391304348;1.5;3.0815217391304346;3;1.1193181818181819;1;1.3181818181818181;1.125;2.4375;2.8125;0.8443287037037037;1;1.3344907407407407;1.125;2.1788194444444446;2.109375;-1000;-1000;-1000;-1000;-1000;-1000;1.468070652173913;1.6875;1.158967391304348;1;2.6270380434782608;2.25;1.5101902173913044;1.125;1.203804347826087;1.125;2.713994565217391;2.25;1.1312349759615385;1.125;1.1044921875;1.125;2.2357271634615383;2;1.4802676930147058;1.6875;0.9177676930147058;0.75;2.3980353860294117;2.25;1.5729758522727273;1.59375;1.12109375;1.125;2.694069602272727;2.8125;1.1251775568181819;1.3125;1.0316051136363635;1.125;2.1567826704545454;2.25
67e5421d871c5868d0449830;56;male;at;OÖ;true;3;1;1;-2;-1;-2;2;2;severalTimesDaily;5;2.1041666666666665;2.25;0.8784722222222222;1;2.982638888888889;3;1.7083333333333333;2;0.875;1;2.5833333333333335;3;1.9875;2.25;0.7125;0.75;2.7;2.25;2.025;1.6875;0.675;0.5625;2.7;2.25;1.609375;1.6875;0.5659722222222222;0.5625;2.1753472222222223;2.25;1.2729166666666667;1.5;0.828125;0.75;2.1010416666666667;2.25;1.1590909090909092;1.5;0.6704545454545454;0.5625;1.8295454545454546;2;1.220703125;1.3828125;0.74609375;0.5625;1.966796875;2.25;1.3776041666666667;1.0625;1.0833333333333333;1;2.4609375;3;1.2798913043478262;1.5;1.3423913043478262;1.5;2.6222826086956523;3;0.8969907407407407;1;1.2181712962962963;1;2.115162037037037;2;-1000;-1000;-1000;-1000;-1000;-1000;1.3032670454545454;1.59375;1.0142045454545454;0.921875;2.317471590909091;2.25;1.03828125;0.875;1.05;0.84375;2.08828125;2.25;1.1216634114583333;0.59765625;0.8591715494791666;0.65625;1.9808349609375;1.4765625;1.0905618106617647;1.265625;0.7359978170955882;0.5625;1.826559627757353;2;1.2873046875;0.59765625;0.892578125;0.5625;2.1798828125;1.40625;1.1337002840909092;1.5;0.94921875;0.75;2.082919034090909;2.25
67e5753b6d1f585511c52058;23;male;de;BW;false;-2;1;-1;1;1;0;1;1;daily;4;0.8616071428571429;1;1.4017857142857142;1.5;2.263392857142857;2.125;1.2352941176470589;1;0.23529411764705882;0.75;1.4705882352941178;2;1.6583333333333334;2;0.15833333333333333;0.5625;1.8166666666666667;1.6875;1.625;1.6875;0.625;0.5625;2.25;2.25;0.534375;0.421875;0.740625;0.5625;1.275;1.5;1.2315340909090908;1.5;0.9232954545454546;0.75;2.1548295454545454;2.25;0.53125;0;1.046875;0.9375;1.578125;1.3125;0.6118861607142857;0.158203125;1.0923549107142858;0.984375;1.7042410714285714;1.6875;1.0535714285714286;1.125;0.9732142857142857;1;2.0267857142857144;2;0.9090909090909091;1;0.4744318181818182;1;1.3835227272727273;2;0.71484375;0.703125;1.12109375;1;1.8359375;1.6875;-1000;-1000;-1000;-1000;-1000;-1000;1.0901988636363635;1.0625;0.9275568181818182;0.796875;2.0177556818181817;1.6875;0.8534226190476191;1.125;0.6755952380952381;0.84375;1.5290178571428572;1.6875;1.0191796875;0.84375;0.910859375;0.84375;1.9300390625;1.6875;1.0112141927083333;1.125;0.6547200520833333;0.5625;1.6659342447916667;1.6875;1.5078125;1.6875;0.9123883928571429;1;2.420200892857143;2.25;0.6170176630434783;0;0.5628396739130435;0.5625;1.1798573369565217;1.5
67e5b6d9949e8e08ea2385d4;56;female;at;NÖ;true;-1;-1;0;1;-1;0;0;0;severalTimesDaily;5;1.6666666666666667;2.25;1.0583333333333333;1;2.725;3;1.984375;2.25;0.609375;1;2.59375;3.375;2.4669117647058822;2.25;0.3713235294117647;0.75;2.838235294117647;3;2.025;1.6875;0.675;0.5625;2.7;2.25;1.353515625;1.3828125;0.666015625;0.75;2.01953125;2.0625;1.640625;1.84375;0.9505208333333334;0.796875;2.5911458333333335;2.625;1.3636363636363635;1.5;0.6818181818181818;0.75;2.0454545454545454;2.25;0.826904296875;0.896484375;0.835693359375;0.5625;1.66259765625;1.6875;1.0514705882352942;0.28125;1.2426470588235294;1.125;2.2941176470588234;2;1.4017857142857142;1.6875;1.2797619047619047;1;2.681547619047619;2.8125;0.68125;0;1.2875;1.0625;1.96875;2;-1000;-1000;-1000;-1000;-1000;-1000;0.946875;1;1.1890625;1.125;2.1359375;2;0.7953125;1;0.9234375;0.921875;1.71875;1.875;0.8909505208333334;0.59765625;0.890869140625;0.84375;1.7818196614583333;1.6875;0.5733173076923077;0;0.69775390625;0.5625;1.2710712139423077;1.125;0.94921875;0.5185546875;0.917578125;1;1.866796875;1.6875;0.8308823529411765;0;0.8239889705882353;0.75;1.6548713235294117;1.125
67e6cfdbd05e93deff3c250b;24;female;at;OÖ;false;0;1;-1;-1;0;-1;3;3;fourToSixTimesWeekly;3;1.75;1.75;0.875;0.875;2.625;2.625;2;2;-1;-1;1;1;2.53125;3;-0.53125;-1;2;2;1.0833333333333333;1.125;1.0416666666666667;0.5625;2.125;1.6875;2.125;2.125;1.375;1.375;3.5;3.5;1.8;1.5;0.75;0.75;2.55;2.25;1.575;1.6875;0.6;0.5625;2.175;2.25;1.3058035714285714;1.265625;0.5959821428571429;0.5625;1.9017857142857142;1.6875;0.9642857142857143;1;1.4464285714285714;1.5;2.4107142857142856;2.25;1.2430555555555556;1.125;0.9027777777777778;1;2.1458333333333335;2.25;0.7044270833333334;0.53125;1.0221354166666667;0.875;1.7265625;1.59375;-1000;-1000;-1000;-1000;-1000;-1000;0.98125;0.75;1.2015625;1.3125;2.1828125;1.96875;1.046875;0.984375;0.7421875;0.4921875;1.7890625;1.4765625;1.1770833333333333;1.125;0.6822916666666666;0.5625;1.859375;1.6875;1.484375;1.59375;0.6015625;0.5625;2.0859375;2.25;1.4791666666666667;1.125;0.7534722222222222;0.5625;2.232638888888889;1.6875;1.1119791666666667;1.5;0.66015625;0.5625;1.7721354166666667;2.25
67e6d666aea412b8961b9178;25;female;at;OÖ;true;-2;-1;-1;1;-1;0;2;2;oneToThreeTimesWeekly;2;1.71875;2;0.671875;1;2.390625;2.25;2.1493055555555554;2.25;0.13541666666666666;0.75;2.2847222222222223;2.25;2.183333333333333;2;0.19166666666666668;0.75;2.375;3;1.825;1.6875;0.675;0.5625;2.5;2.25;1.435546875;1.265625;0.408203125;0.3984375;1.84375;1.40625;1.47802734375;1.5;0.67919921875;0.75;2.1572265625;2.25;1.3650251116071428;1.125;0.5271344866071429;0.5625;1.8921595982142858;1.78125;1.1861049107142858;1.125;0.7123325892857143;0.75;1.8984375;1.9375;1.2361111111111112;1.125;0.7743055555555556;0.75;2.0104166666666665;2;1.3;1.5;0.825;0.75;2.125;2.25;1.0296875;1;0.84765625;0.5625;1.87734375;2;-1000;-1000;-1000;-1000;-1000;-1000;1.5355902777777777;1.5;0.7404513888888888;0.75;2.2760416666666665;2.25;1.146139705882353;1.125;0.6865808823529411;0.5625;1.8327205882352942;1.6875;1.3351934523809523;1.125;0.5710565476190477;0.5625;1.90625;1.6875;1.744140625;1.96875;0.748046875;0.75;2.4921875;2.625;1.1774259868421053;1.125;0.5415296052631579;0.5625;1.718955592105263;1.6875;1.2794744318181819;1.125;0.5230823863636364;0.5625;1.8025568181818181;1.6875
67e6f43682b04532296b85a7;41;female;at;OÖ;true;0;4;0;0;2;-2;3;3;oneToThreeTimesWeekly;2;2.4791666666666665;2.25;1.1375;1;3.6166666666666667;4;2.6052631578947367;3;0.10526315789473684;0.75;2.710526315789474;3;2.5390625;2.625;0.078125;0.65625;2.6171875;2.625;1.825;1.6875;0.875;0.5625;2.7;2.25;1.65625;1.6875;0.8020833333333334;0.5625;2.4583333333333335;2.25;1.6261160714285714;1.59375;0.8515625;0.75;2.4776785714285716;2.25;1.5;1.125;0.6666666666666666;0.5625;2.1666666666666665;2.25;1.4674479166666667;1.59375;0.8815104166666666;0.5625;2.3489583333333335;2.25;1.665;1.6875;1.205;1;2.87;3;1.423913043478261;1.125;0.967391304347826;1;2.391304347826087;2.25;1.2604166666666667;1.125;1.2280092592592593;1;2.488425925925926;2.25;-1000;-1000;-1000;-1000;-1000;-1000;1.5611413043478262;1.6875;1.0529891304347827;1;2.614130434782609;2.25;1.6519886363636365;1.6875;0.8963068181818182;0.921875;2.5482954545454546;2.25;1.4259765625;1.265625;0.9157421875;0.84375;2.34171875;2.25;1.74398193359375;1.6875;0.61466064453125;0.5625;2.358642578125;2.25;1.5990767045454546;1.6875;0.8824573863636364;1;2.481534090909091;2.25;1.4300130208333333;1.5;0.7190755208333334;0.5625;2.1490885416666665;2.25
67e858ac63bf22618a9d13c2;48;female;at;W;true;0;0;0;0;-1;-1;2;2;severalTimesDaily;5;1.28125;1.5;0.5868055555555556;1;1.8680555555555556;1.75;2.1875;2.25;0.4375;0.75;2.625;3;2.4609375;3;-0.0546875;-0.21875;2.40625;2.125;1.8515625;1.84375;0.4296875;0.5625;2.28125;2.25;1.9427083333333333;1.6875;0.6232638888888888;0.5625;2.5659722222222223;2.25;1.8893229166666667;1.84375;0.50390625;0.5625;2.3932291666666665;2.25;1.6890625;1.6875;0.1171875;0.3984375;1.80625;1.78125;1.306640625;1.3828125;0.734375;0.375;2.041015625;1.78125;1.1325412326388888;1.125;0.8485785590277778;0.875;1.9811197916666667;2;1.3333333333333333;1;0.9479166666666666;1;2.28125;2;1.0628836495535714;1;1.0477469308035714;1;2.110630580357143;1.84375;-1000;-1000;-1000;-1000;-1000;-1000;1.3633230108963816;1.125;1.1603072317023027;1.125;2.523630242598684;3;1.2707242965698242;1.125;0.8197336196899414;0.65625;2.0904579162597656;1.84375;1.249285246196546;1.125;0.3996726588199013;0.421875;1.6489579050164473;1.5;0.7202926635742187;0.26882171630859375;0.6877700805664062;0.5625;1.408062744140625;1.5;1.009209738837348;0.87890625;0.5465450286865234;0.5625;1.5557547675238714;1.59375;1.1799236644398083;1.125;0.6802988919344816;0.65625;1.8602225563742898;1.59375
67e923d11acc6afb9c9fc2f5;56;male;at;OÖ;false;-2;-1;-1;1;0;1;1;1;severalTimesDaily;5;1.975;2.25;1.2708333333333333;1;3.245833333333333;3.75;1.3541666666666667;1.5;1.0625;1;2.4166666666666665;2.5;2.3125;2.25;0.7708333333333334;0.75;3.0833333333333335;3;2.34375;2.34375;0.78125;0.78125;3.125;3.125;1.8046875;1.6875;0.740625;0.5625;2.5453125;2.25;1.8778409090909092;1.6875;0.7372159090909091;0.75;2.6150568181818183;2.25;1.6272321428571428;1.5;0.5959821428571429;0.5625;2.2232142857142856;2.25;0.818359375;0.94921875;0.8232421875;0.375;1.6416015625;1.78125;1.3903377757352942;1.125;1.1190831801470589;1;2.509420955882353;3;1;1;1.4473684210526316;1.5;2.4473684210526314;2.25;0.9535725911458334;0.7119140625;1.3317464192708333;1.3125;2.2853190104166665;2;-1000;-1000;-1000;-1000;-1000;-1000;1.5406256781684027;1.84375;1.1865743001302083;1.3125;2.727199978298611;2.625;1.0939537497127758;1;0.9792345832375919;0.75;2.0731883329503678;2;0.7347066243489583;0.421875;0.691668701171875;0.421875;1.4263753255208333;1.0546875;1.1772058660333806;1;0.9576318914240057;0.75;2.1348377574573862;3;1.3617963790893555;1.125;0.7263930638631185;0.5625;2.088189442952474;1.6875;0.728936139275046;0.22525405883789062;0.8730338601505055;0.75;1.6019699994255514;1
67e923d11acc6afb9c9fc2f5;56;male;at;OÖ;false;-2;-1;-1;1;0;1;1;1;severalTimesDaily;5;1.975;2.25;1.2708333333333333;1;3.245833333333333;3.75;1.3541666666666667;1.5;1.0625;1;2.4166666666666665;2.5;2.3125;2.25;0.7708333333333334;0.75;3.0833333333333335;3;2.34375;2.34375;0.78125;0.78125;3.125;3.125;1.8046875;1.6875;0.740625;0.5625;2.5453125;2.25;1.8778409090909092;1.6875;0.7372159090909091;0.75;2.6150568181818183;2.25;1.6272321428571428;1.5;0.5959821428571429;0.5625;2.2232142857142856;2.25;0.818359375;0.94921875;0.8232421875;0.375;1.6416015625;1.78125;1.3903377757352942;1.125;1.1190831801470589;1;2.509420955882353;3;1;1;1.4473684210526316;1.5;2.4473684210526314;2.25;0.9535725911458334;0.7119140625;1.3317464192708333;1.3125;2.2853190104166665;2;-1000;-1000;-1000;-1000;-1000;-1000;1.5406256781684027;1.84375;1.1865743001302083;1.3125;2.727199978298611;2.625;1.0939537497127758;1;0.9792345832375919;0.75;2.0731883329503678;2;0.7347066243489583;0.421875;0.691668701171875;0.421875;1.4263753255208333;1.0546875;1.1772058660333806;1;0.9576318914240057;0.75;2.1348377574573862;3;1.3617963790893555;1.125;0.7263930638631185;0.5625;2.088189442952474;1.6875;0.728936139275046;0.22525405883789062;0.8730338601505055;0.75;1.6019699994255514;1
67eabf60087556d6e76c0c58;56;male;at;OÖ;false;-1;4;0;1;2;-2;0;0;severalTimesDaily;5;1.4;1;0.9041666666666667;1;2.3041666666666667;2;1.025;1.25;1.175;0.875;2.2;2.25;1.6160714285714286;2;1.0892857142857142;0.75;2.705357142857143;3;1.40625;1.125;0.609375;0.5625;2.015625;1.6875;0.8772321428571429;1.125;0.5223214285714286;0.5625;1.3995535714285714;1.6875;1.65625;1.40625;0.6671875;0.5625;2.3234375;1.96875;1.36875;1.5;0.659375;0.75;2.028125;1.875;0.6338778409090909;0.6328125;0.80859375;0.375;1.4424715909090908;1.6875;1.1552734375;1.0625;0.85888671875;1;2.01416015625;1.75;0.6785714285714286;0;1.3392857142857142;1;2.017857142857143;2;0.3985460069444444;0.1875;0.9006618923611112;1;1.2992078993055556;1;-1000;-1000;-1000;-1000;-1000;-1000;0.8094704367897727;0.75;0.7087124911221591;0.75;1.5181829279119319;1.265625;0.9519672393798828;0.84375;0.8373117446899414;0.875;1.7892789840698242;1.265625;0.877716064453125;0.73828125;0.5490468343098959;0.421875;1.4267628987630208;1.125;0.3382195366753472;0;0.8128000895182291;0.5625;1.1510196261935763;1;0.6415915489196777;0.200225830078125;0.5723826885223389;0.5625;1.2139742374420166;0.791015625;0.2997100830078125;0;0.7852717081705729;0.75;1.0849817911783854;1
67eae8825bce0d0bf8c127b4;26;female;de;BW;false;-2;-1;-1;1;0;1;2;3;daily;4;1.1458333333333333;1.0625;0.8020833333333334;0.75;1.9479166666666667;2;1.2142857142857142;1;1.1428571428571428;0.75;2.357142857142857;2.25;2.5;2.5;0.5;1;3;3.5;-1000;-1000;-1000;-1000;-1000;-1000;0.796875;0.796875;0.3984375;0.3984375;1.1953125;1.1953125;0.921875;0.921875;0.4609375;0.4609375;1.3828125;1.3828125;2.625;3;-0.15625;-0.3125;2.46875;2;0.9869791666666666;1;1.03515625;0.75;2.0221354166666665;1.875;1.1785714285714286;1;0.7723214285714286;0.75;1.9508928571428572;2;1.7857142857142858;2;0.7142857142857143;0.75;2.5;2;1.1139705882352942;1;1.0625;0.75;2.176470588235294;1.6875;-1000;-1000;-1000;-1000;-1000;-1000;1.8096590909090908;1.6875;0.8110795454545454;0.75;2.6207386363636362;2.25;1.3454861111111112;1.0625;0.6796875;0.5625;2.025173611111111;1.6875;1.316920230263158;1.125;0.4828844572368421;0.5625;1.7998046875;1.5;1.470458984375;1.265625;0.6604527064732143;0.75;2.1309116908482144;1.875;1.309375;1.125;0.62109375;0.5625;1.93046875;1.6875;1.33251953125;1.125;0.781494140625;0.75;2.114013671875;1.6875
67ec346dc28d4af1b0b04edf;26;female;at;OÖ;false;-4;-4;-2;2;-2;2;0;0;never;0;0;0;-0.05;-0.75;-0.05;-0.75;0.975;0.375;0.31875;0.09375;1.29375;1;1.03125;0.84375;0.4895833333333333;0.65625;1.5208333333333333;2.125;-1000;-1000;-1000;-1000;-1000;-1000;0.41015625;0.1875;-0.19921875;-0.3984375;0.2109375;-0.2109375;0;0;0.341796875;0.341796875;0.341796875;0.341796875;0;0;0.282470703125;-0.27685546875;0.282470703125;-0.27685546875;0.2373046875;0;1.5791015625;2;1.81640625;2;0.6785714285714286;1;-0.07142857142857142;1;0.6071428571428571;1.5;0.6363636363636364;0;0.3409090909090909;1;0.9772727272727273;1.5;0.20833333333333334;0;0.9479166666666666;1.0625;1.15625;1.125;-1000;-1000;-1000;-1000;-1000;-1000;0.6875;0;0.2604166666666667;0.84375;0.9479166666666666;0.84375;0.26875;0;0.29583333333333334;0.84375;0.5645833333333333;0.84375;0.15553977272727273;0;0.34730113636363635;0.84375;0.5028409090909091;0.84375;0.1875;0;0.036458333333333336;-0.140625;0.22395833333333334;0.21875;0;0;0.0625;-0.5625;0.0625;-0.5625;0.2544642857142857;0;0.17912946428571427;0.50390625;0.43359375;0.59765625
67eed206c1cd5d3e138ccdb0;25;male;at;OÖ;false;-1;0;0;1;-1;-1;1;3;lessThanOnceWeekly;1;2.4409722222222223;2.625;1.1875;1;3.6284722222222223;3.875;1.9285714285714286;2;1.25;1.5;3.1785714285714284;3.75;2.236842105263158;2.25;0.9967105263157895;1;3.2335526315789473;3;2.1375;2.625;0.8375;1;2.975;3.5;1.435546875;1.1953125;0.626953125;0.75;2.0625;1.9921875;2.0169270833333335;2.125;1.0130208333333333;0.796875;3.0299479166666665;3;1.821875;2.25;0.49895833333333334;0.75;2.3208333333333333;1.6875;1.3233963815789473;1;1.3131167763157894;1.5;2.6365131578947367;3;1.9618055555555556;2.125;1.2222222222222223;1.5;3.1840277777777777;3;1.3940217391304348;1.6875;0.7472826086956522;1;2.141304347826087;2.25;1.40625;1.25;1.0198863636363635;1.0625;2.4261363636363638;2.625;-1000;-1000;-1000;-1000;-1000;-1000;2.30078125;2.25;1.0546875;1;3.35546875;3;1.0382401315789473;1.125;0.9165296052631579;0.75;1.9547697368421053;1.6875;1.688916015625;1.6875;0.98759765625;0.5625;2.676513671875;2.25;1.3559434678819444;1.4765625;0.4468587239583333;0.388916015625;1.8028021918402777;1.5;1.491673519736842;1.6875;0.7735402960526315;0.5625;2.265213815789474;2.25;1.1300551470588236;1.125;0.7320772058823529;0.75;1.8621323529411764;1.6875
67eef3e4340c1df24a635872;24;female;at;OÖ;false;-4;-4;-2;2;-2;2;0;1;severalTimesDaily;5;1.8892045454545454;2.25;1.2329545454545454;1;3.122159090909091;3;1.5845588235294117;2.25;0.9007352941176471;1;2.485294117647059;3;1.9270833333333333;1.96875;0.7673611111111112;0.75;2.6944444444444446;2.625;1.7135416666666667;1.75;1.078125;1;2.7916666666666665;2.625;1.26953125;1.0546875;0.9557291666666666;0.84375;2.2252604166666665;1.6875;1.9778645833333333;2.125;1.1462673611111112;1;3.1241319444444446;3.75;1.4635881696428572;1.125;0.5897972470238095;0.75;2.0533854166666665;1.6875;0.6963404605263158;0.421875;1.1768092105263157;1;1.8731496710526316;1.875;1.20263671875;0.921875;1.31201171875;1.5;2.5146484375;2.25;0.9280911959134616;1;1.2021296574519231;1.5;2.1302208533653846;2.25;0.943095703125;0.75;0.998095703125;1;1.94119140625;2;-1000;-1000;-1000;-1000;-1000;-1000;1.2197774251302083;1;1.4072774251302083;1.5;2.6270548502604165;3;1.181295955882353;0.5625;0.2883731617647059;0.421875;1.4696691176470589;1.6875;1.1516145978655135;0.6328125;0.8615755353655133;0.474609375;2.013190133231027;1.6875;1.0499234406844429;1;0.5816935663637908;0.474609375;1.6316170070482336;1.5;1.3100747108459472;0.5625;1.0218911170959473;1.125;2.3319658279418944;1.6875;0.4509517908096313;0.08447027206420898;0.7603267908096314;0.75;1.2112785816192626;1.265625
67efdc30781f59de90d07ff4;56;female;at;OÖ;false;0;-2;0;0;-1;1;2;2;fourToSixTimesWeekly;3;1.5340909090909092;1.625;1.2556818181818181;1;2.789772727272727;3;1.6015625;2.125;1.5026041666666667;2;3.1041666666666665;3;1.7113095238095237;1.6875;1.3392857142857142;1.5;3.050595238095238;2.25;1.5833333333333333;1.25;1.15625;1;2.7395833333333335;2.75;0.7979910714285714;0.5859375;0.6696428571428571;0.5;1.4676339285714286;1.375;1.2087673611111112;0.974609375;0.9561631944444444;0.796875;2.1649305555555554;2;1.2180524553571428;0.75;0.9104817708333334;0.75;2.1285342261904763;1.5;0.6861328125;0.158203125;1.09921875;1;1.7853515625;1.5;0.4237007472826087;0;1.2823963994565217;1.5;1.7060971467391304;2;1.173857421875;0.75;1.036357421875;1;2.21021484375;2.25;0.6367021040482954;0.75;1.0486339222301135;1;1.6853360262784092;1.5;-1000;-1000;-1000;-1000;-1000;-1000;0.8984324137369791;0.13348388671875;1.0650990804036458;1;1.963531494140625;2;0.7434895833333334;0.421875;0.9425223214285714;1;1.6860119047619047;1.875;0.7149519920349121;0.5625;0.7433536847432455;0.69140625;1.4583056767781575;1.125;0.7521133422851562;0.5625;0.7883098436438519;0.6328125;1.540423185929008;1.58203125;0.5085200848786727;0.056313514709472656;0.8211050033569336;0.75;1.3296250882356062;1.125;0.750559876946842;0.31640625;0.7101187004762537;0.75;1.4606785774230957;1
67efdc32543d62caa7bf41b1;56;female;at;OÖ;false;0;-2;0;0;-1;1;2;2;fourToSixTimesWeekly;3;1.5340909090909092;1.625;1.2556818181818181;1;2.789772727272727;3;1.6015625;2.125;1.5026041666666667;2;3.1041666666666665;3;1.7113095238095237;1.6875;1.3392857142857142;1.5;3.050595238095238;2.25;1.5833333333333333;1.25;1.15625;1;2.7395833333333335;2.75;0.7979910714285714;0.5859375;0.6696428571428571;0.5;1.4676339285714286;1.375;1.2087673611111112;0.974609375;0.9561631944444444;0.796875;2.1649305555555554;2;1.2180524553571428;0.75;0.9104817708333334;0.75;2.1285342261904763;1.5;0.6861328125;0.158203125;1.09921875;1;1.7853515625;1.5;0.4237007472826087;0;1.2823963994565217;1.5;1.7060971467391304;2;1.173857421875;0.75;1.036357421875;1;2.21021484375;2.25;0.6367021040482954;0.75;1.0486339222301135;1;1.6853360262784092;1.5;-1000;-1000;-1000;-1000;-1000;-1000;0.8984324137369791;0.13348388671875;1.0650990804036458;1;1.963531494140625;2;0.7434895833333334;0.421875;0.9425223214285714;1;1.6860119047619047;1.875;0.7149519920349121;0.5625;0.7433536847432455;0.69140625;1.4583056767781575;1.125;0.7521133422851562;0.5625;0.7883098436438519;0.6328125;1.540423185929008;1.58203125;0.5085200848786727;0.056313514709472656;0.8211050033569336;0.75;1.3296250882356062;1.125;0.750559876946842;0.31640625;0.7101187004762537;0.75;1.4606785774230957;1
67f2655a31a538603f74cb5e;34;female;at;OÖ;false;-4;-4;-2;2;-2;2;1;1;lessThanOnceWeekly;1;1;1;-1.2830882352941178;-1;-0.28308823529411764;0;0.6590909090909091;0;-0.8465909090909091;-0.75;-0.1875;-0.75;1.2375;1.6875;-0.6375;-0.5625;0.6;1.125;1.125;1.125;-1.75;-1.75;-0.625;-0.625;0.345703125;0;-0.7265625;-0.421875;-0.380859375;-0.421875;0.4921875;0;-1.0224609375;-1.3125;-0.5302734375;-0.369140625;0;0;-0.2900390625;-0.31640625;-0.2900390625;-0.31640625;1.2860243055555556;1;0.4782986111111111;0.75;1.7643229166666667;2;0.2727272727272727;0;-1.3409090909090908;-1.5;-1.0681818181818181;-1.5;1.4318181818181819;1.5;-1.3409090909090908;-1;0.09090909090909091;0;0.5;0;-1.296875;-1.25;-0.796875;-0.875;-1000;-1000;-1000;-1000;-1000;-1000;0.4166666666666667;0;-1.25;-1.125;-0.8333333333333334;-1;0.8181818181818182;0;-0.7642045454545454;-1.125;0.05397727272727273;-0.375;0.8383413461538461;0;-0.9395282451923077;-1.125;-0.10118689903846154;-0.2373046875;0.25;0;-0.347198486328125;-0.2373046875;-0.097198486328125;-0.2373046875;0.7653245192307693;0;-0.7986778846153846;-1.125;-0.033353365384615384;-1.125;0.84375;0;-1.1015625;-1.3125;-0.2578125;-0.5625
67f2d6bed35dd02c1e31159c;65;female;at;NÖ;false;-3;-2;-1;2;-2;0;0;0;severalTimesDaily;5;2.671875;3;1.68125;1.75;4.353125;4.5;2.4965277777777777;3;1.4930555555555556;1.5;3.9895833333333335;4;2.349264705882353;3;1.5330882352941178;2;3.8823529411764706;5;2.109375;2.625;1.3828125;1.75;3.4921875;4.375;1.5703125;1.265625;1.046875;0.84375;2.6171875;2.109375;2.1143973214285716;2.25;1.3738839285714286;1.5;3.48828125;3.75;1.748779296875;1.6875;1.1346028645833333;1.06640625;2.8833821614583335;2.666015625;1.4614955357142858;1.40625;0.6640625;0.69140625;2.1255580357142856;2.197265625;2.154166666666667;2.25;1.2208333333333334;1.125;3.375;3.75;2.4375;3;1.0460526315789473;1.125;3.4835526315789473;4;1.86328125;1.59375;1.0390625;1.125;2.90234375;2.90625;-1000;-1000;-1000;-1000;-1000;-1000;2.578125;2.625;1.3854166666666667;1.5;3.9635416666666665;3.875;1.8901654411764706;1.6875;1.0760569852941178;1;2.9662224264705883;2.8125;1.6445886948529411;1.6875;0.8303079044117647;1;2.474896599264706;2.8125;1.3213348388671875;0.94921875;0.653106689453125;0.59765625;1.9744415283203125;1.494140625;1.5311472039473684;1.6875;0.8956106085526315;1.125;2.4267578125;2.8125;1.6731770833333333;1.84375;0.9889322916666666;1.3125;2.662109375;3.28125
67f3778d46994677bac9905f;23;female;at;OÖ;false;-1;1;0;1;1;0;2;0;daily;4;2.35;2.25;0.4166666666666667;1;2.7666666666666666;3;1.9027777777777777;2;0.625;1;2.5277777777777777;3;2.3990384615384617;2.25;0.5625;0.75;2.9615384615384617;3;2.171875;2.125;0.2109375;0.5;2.3828125;2;1.4360795454545454;0.84375;0.11647727272727272;0.25;1.5525568181818181;1.125;1.9119318181818181;2.25;0.3650568181818182;0.75;2.2769886363636362;2;1.4699519230769231;1.265625;-0.1466346153846154;-0.375;1.3233173076923077;0.75;1.0930606617647058;1;0.9411764705882353;1;2.034237132352941;2;1.583984375;2;0.4892578125;0.75;2.0732421875;3;1.5334041819852942;1.5;-0.5902315027573529;-0.75;0.9431726792279411;0.75;1.4774932861328125;1.5;0.02687835693359375;-0.13348388671875;1.5043716430664062;0.75;-1000;-1000;-1000;-1000;-1000;-1000;1.9130725860595703;2.25;0.6098699569702148;0.75;2.522942543029785;3;1.65625;2;-0.046875;-0.109375;1.609375;1;1.6072583198547363;1.4765625;0.39558959007263184;0.06792640686035156;2.002847909927368;1.171875;1.7658724103655135;1.96875;-0.2462174551827567;-0.17816734313964844;1.5196549551827567;1.3125;1.2234516143798828;0.474609375;0.1456526650322808;-0.158203125;1.3691042794121637;0.31640625;0.9974534511566162;1.037109375;-0.3209923505783081;-0.30236756801605225;0.6764611005783081;0.5625
67f39a975d71fccdc2d38ad6;25;female;at;W;false;-2;1;-1;1;0;-1;0;1;fourToSixTimesWeekly;3;0.9375;1;0.9375;1;1.875;2;2;2;1;1;3;3;0.75;0.75;0.75;0.75;1.5;1.5;1.5;1.5;0.75;0.75;2.25;2.25;-1000;-1000;-1000;-1000;-1000;-1000;1.1041666666666667;1;0.8020833333333334;0.875;1.90625;2;0.7834821428571429;0.75;0.6227678571428571;0.75;1.40625;1.5;1.2;1;0.75;1;1.95;2;1.6071428571428572;2;0.7232142857142857;0.75;2.330357142857143;3;1.4423076923076923;2;0.8653846153846154;0.75;2.3076923076923075;3;1.075;0.75;0.775;0.75;1.85;1.5;-1000;-1000;-1000;-1000;-1000;-1000;2.25;3;0.9166666666666666;1;3.1666666666666665;4;1;1;1;1;2;2;0.834375;0.84375;0.43125;0.421875;1.265625;1.125;0.8802083333333334;0.75;0.6510416666666666;0.75;1.53125;1.5;1.7942708333333333;2.25;0.5980902777777778;0.75;2.392361111111111;3;0.6082589285714286;0.5;0.6439732142857143;0.75;1.2522321428571428;1.5
67f7fe8d7dedf2ce76fed84d;23;female;at;OÖ;false;-3;1;-2;1;1;0;0;0;oneToThreeTimesWeekly;2;2.2960526315789473;2.25;1.6348684210526316;2;3.9309210526315788;3.75;1.7730263157894737;2.25;0.9407894736842105;1.5;2.713815789473684;3.75;2.1838235294117645;3;1.3566176470588236;2;3.5404411764705883;5;1.96875;2.625;1.1171875;1.25;3.0859375;3.875;1.6666666666666667;1.265625;0.984375;0.84375;2.6510416666666665;2.109375;1.6754261363636365;2;1.0738636363636365;1;2.749289772727273;3;1.8161808894230769;2.25;1.1915564903846154;1.5;3.0077373798076925;3.75;1.2255208333333334;1;1.0356770833333333;0.75;2.2611979166666667;3;2.1597222222222223;2.25;1.4375;1.5;3.5972222222222223;3.75;1.9672619047619047;2.25;1.3035714285714286;1.125;3.2708333333333335;3.75;1.9744318181818181;2.125;1.4829545454545454;1.5;3.4573863636363638;3.75;-1000;-1000;-1000;-1000;-1000;-1000;2.265625;2.25;1.6171875;1.5;3.8828125;3.75;1.4918154761904763;1.265625;1.122953869047619;1;2.6147693452380953;2.25;1.7619977678571428;1.6875;1.0570591517857142;1;2.819056919642857;2.8125;1.398668791118421;1.6875;0.9856214021381579;1.125;2.3842901932565788;2.8125;1.4395559210526316;1.125;0.9454666940789473;1.125;2.3850226151315788;2.25;1.6557904411764706;1.6875;1.1332720588235294;1.125;2.7890625;2.8125
67f806a874e7f457806a70b1;27;female;at;OÖ;false;4;4;2;-2;2;-2;1;3;oneToThreeTimesWeekly;2;1.7797619047619047;2;1.1577380952380953;1;2.9375;3;1.9613095238095237;2.25;0.8720238095238095;0.75;2.8333333333333335;3;2.326388888888889;2.25;0.8715277777777778;0.9375;3.1979166666666665;2.90625;2.171875;2.625;1.2864583333333333;1.0625;3.4583333333333335;3.5;1.3694196428571428;1.0546875;0.8404017857142857;0.796875;2.2098214285714284;1.6875;1.91796875;2.25;1.0950520833333333;1;3.0130208333333335;3.375;1.5608181423611112;1.3828125;0.7228190104166666;0.65625;2.2836371527777777;1.6875;1.1946231617647058;1;0.9735753676470589;0.6328125;2.1681985294117645;2;1.71826171875;1.5;1.15263671875;1;2.8708984375;2.8125;1.0274074388586956;1;0.9757770040760869;1;2.0031844429347827;2.25;1.06011962890625;1.0625;1.06949462890625;0.75;2.1296142578125;2.25;-1000;-1000;-1000;-1000;-1000;-1000;1.8149558619449013;2;1.1274558619449013;1;2.9424117238898027;3;1.2649739583333333;1.125;0.7541232638888888;0.703125;2.0190972222222223;2;1.4311439877464658;1.125;0.8467410859607515;0.5625;2.277885073707217;1.6875;1.2180633544921875;0.94921875;0.7520563462201286;0.5625;1.9701197007123161;1.58203125;1.5108105508904708;1.125;0.8026485443115234;0.5625;2.313459095201994;1.6875;0.8899464342329237;1.125;0.764512406455146;0.5625;1.6544588406880696;1.6875
67f80d6f875886a74dbd8770;21;male;at;OÖ;false;2;3;1;-1;1;-2;1;2;severalTimesDaily;5;1.1640625;1.3125;0.1484375;0.75;1.3125;1.5;1.7005208333333333;1.5;-0.11197916666666667;0.65625;1.5885416666666667;1.3125;1.6875;1.5;-0.45955882352941174;-0.75;1.2279411764705883;1;0.8839285714285714;0.5625;0.125;0.28125;1.0089285714285714;1;0.7244318181818182;0.421875;0.31676136363636365;0.421875;1.0411931818181819;0.84375;0.8265625;0.421875;0.22239583333333332;0.421875;1.0489583333333334;1;0.9473230698529411;0.84375;-0.00028722426470588236;0.31640625;0.9470358455882353;0.75;1.660546875;2;0.1048828125;0.375;1.7654296875;1.5703125;0.86688232421875;1;-0.14483642578125;-0.25634765625;0.7220458984375;0.75;0.5689290364583334;0.177978515625;-0.6310709635416667;-0.75;-0.06214192708333333;0;0.59449462890625;0.155731201171875;-0.35550537109375;-0.75;0.2389892578125;0.31146240234375;-1000;-1000;-1000;-1000;-1000;-1000;1.0385675430297852;1.3125;-0.19190120697021484;-0.5625;0.8466663360595703;1;0.8723958333333334;1;-0.34713541666666664;-0.5;0.5252604166666667;0.421875;0.7619715796576606;0.24847984313964844;-0.3651985592312283;-0.29296875;0.3967730204264323;0.3563346862792969;0.8994872149299172;0.474609375;-0.14807712330537684;-0.28125;0.7514100916245404;0.75;0.7377386093139648;0.2109375;-0.02977441151936849;0.056313514709472656;0.7079641977945964;0.5625;0.8304789577211652;0.7711175680160522;-0.32632907799312044;-0.439453125;0.5041498797280448;0.4172351360321045
67f832d816cbd5590695fbcc;26;male;at;OÖ;false;1;-1;2;1;0;1;1;0;severalTimesDaily;5;1.46875;1;1.0401785714285714;1;2.5089285714285716;2;1.5576923076923077;2;0.75;1;2.3076923076923075;2;2.41875;3;0.90625;1;3.325;4;2;2;0.75;1;2.75;2.25;1.5625;1.265625;0.47767857142857145;0.421875;2.0401785714285716;1.6875;1.8864583333333333;2;0.965625;1;2.8520833333333333;3;1.5833333333333333;1.5;0.6805555555555556;0.75;2.263888888888889;2.25;1.1455078125;1;0.47314453125;0.6875;1.61865234375;1.5703125;1.7265625;1.59375;0.91796875;1;2.64453125;2.625;1.2041666666666666;1.5;1.2458333333333333;1.5;2.45;3;1.3933823529411764;1.6875;0.8125;1;2.2058823529411766;3;-1000;-1000;-1000;-1000;-1000;-1000;2.080357142857143;2.25;0.7142857142857143;0.875;2.794642857142857;3;1.4810267857142858;1.265625;0.8270089285714286;1;2.3080357142857144;2.25;1.62841796875;1.3828125;0.7191297743055556;0.65625;2.3475477430555554;2.25;1.1709702435661764;1;0.7670180376838235;0.75;1.93798828125;2.25;1.7386924342105263;1.6875;0.7769325657894737;1;2.515625;2.25;0.8953125;0.5625;0.4328125;0.69140625;1.328125;1
67d9b876dffa95bfc42f851a;27;male;at;OÖ;false;3;2;2;-1;1;-1;1;2;oneToThreeTimesWeekly;2;2.1306818181818183;2.25;1.0738636363636365;1;3.2045454545454546;3;1.809375;2;0.703125;0.875;2.5125;3;2.4444444444444446;3;0.4583333333333333;0.875;2.9027777777777777;2.625;2.4166666666666665;2.25;0.25;0.75;2.6666666666666665;3;1.6278409090909092;1.265625;0.6903409090909091;0.84375;2.3181818181818183;2;1.662109375;1.6875;0.986328125;0.75;2.6484375;2.25;1.7882486979166667;1.59375;0.8252495659722222;0.875;2.613498263888889;2.8125;1.1036931818181819;1.125;1.0958806818181819;1;2.1995738636363638;2.0546875;2.05625;2.125;1.140625;1;3.196875;3;1.9041666666666666;2;1.275;1;3.1791666666666667;3;1.3824728260869565;1.265625;1.218070652173913;1.125;2.6005434782608696;2.25;-1000;-1000;-1000;-1000;-1000;-1000;2.150815217391304;2.25;1.0855978260869565;1;3.2364130434782608;3;1.7104166666666667;1.6875;1.08125;1.125;2.7916666666666665;2.25;1.5610894097222223;1.1953125;0.7828776041666666;0.5625;2.343967013888889;1.6875;1.413604736328125;1.3125;0.909698486328125;0.875;2.32330322265625;2.25;1.7393973214285714;1.5;0.9944196428571429;1;2.7338169642857144;2.8125;1.3235294117647058;1.5;1.1470588235294117;1.125;2.4705882352941178;2.25
67f8f1f7b563c05008816bbe;22;female;at;OÖ;false;2;-2;1;-1;-1;1;1;2;daily;4;1.4448529411764706;1;1.463235294117647;1.5;2.9080882352941178;3;1.513157894736842;1.5;0.631578947368421;1;2.1447368421052633;3;1.8011363636363635;2;0.6022727272727273;0.75;2.403409090909091;3;1.55;1.75;0.425;0.65625;1.975;2.09375;1.2890625;0.84375;0.7213541666666666;0.4609375;2.0104166666666665;1.265625;1.8720703125;2;0.9892578125;1;2.861328125;3;1.30078125;1.0546875;0.3151041666666667;0.4609375;1.6158854166666667;1.265625;1.111672794117647;1;1.1755514705882353;1.125;2.2872242647058822;2.25;1.1795726102941178;1;0.9408892463235294;1;2.120461856617647;2;0.9759928385416666;1;1.0852186414930556;0.875;2.0612114800347223;2.125;0.8823627672697368;1;1.1089445415296053;1;1.991307308799342;2.25;-1000;-1000;-1000;-1000;-1000;-1000;1.4887034098307292;1.3125;1.1176155938042536;1.0625;2.6063190036349826;3;1.0290798611111112;0.875;0.4976128472222222;0.53125;1.5266927083333333;1.3125;1.3565483093261719;0.87890625;0.6830903833562677;0.5625;2.0396386926824395;1.6875;0.9122125962201286;1;0.41855890610638785;0.421875;1.3307715023265165;0.75;1.2439234597342355;0.5625;0.6968315215337844;0.75;1.9407549812680198;1.6875;0.7316584885120392;0.5625;0.8560636192560196;0.65625;1.5877221077680588;1.0625
67f903fd5b8650bbe15c4d19;23;diverse;at;OÖ;false;2;0;2;0;-1;-1;1;3;oneToThreeTimesWeekly;2;1.5698529411764706;1.6875;1.0220588235294117;1;2.5919117647058822;2.8125;1.8392857142857142;2.25;0.375;0.875;2.2142857142857144;3;2.53125;2.625;0.84375;0.875;3.375;3.5;1.6428571428571428;1.5;0.7589285714285714;0.75;2.4017857142857144;2.25;1.0823863636363635;1.125;0.5142045454545454;0.421875;1.5965909090909092;1.5;1.9931640625;2.25;0.8486328125;0.921875;2.841796875;3;0.75;0.375;0.501953125;0.421875;1.251953125;0.875;0.9432291666666667;0.94921875;0.7677083333333333;1;1.7109375;1.265625;1.7058823529411764;2.25;0.8526539522058824;1;2.558536305147059;3;0.7166666666666667;1;0.835595703125;1;1.5522623697916667;2;0.8660714285714286;1;1.1567818777901786;1.125;2.022853306361607;2.40625;-1000;-1000;-1000;-1000;-1000;-1000;1.878125;2.25;0.8058540344238281;0.75;2.683979034423828;3;1.6104166666666666;1.6875;0.8229166666666666;1;2.433333333333333;2.25;1.3028738839285714;1.5;0.6293089730398995;0.5625;1.932182856968471;1.875;1.2063876065340908;1.125;0.527190468528054;0.474609375;1.7335780750621448;1.40625;1.697779605263158;1.6875;0.7141069613004986;0.75;2.4118865665636564;2.8125;0.8258928571428571;0.5;0.7947646720068795;0.75;1.6206575291497367;1
67f9216ff3985d9b8f3ae84c;24;female;at;OÖ;false;0;3;0;0;2;-1;2;0;oneToThreeTimesWeekly;2;1.5855263157894737;1.5;0.7401315789473685;1;2.325657894736842;2.25;1.875;1.5;0.9227941176470589;1;2.797794117647059;2.25;1.9708333333333334;2;0.7625;1;2.7333333333333334;3;1.475;1.3125;0.9875;1;2.4625;2.125;1.33984375;0.84375;0.578125;0.4609375;1.91796875;1.265625;1.5986328125;2;1.03271484375;1;2.63134765625;3;1.4534912109375;0.84375;0.60186767578125;0.65625;2.05535888671875;1.3828125;1.313939144736842;1;1.058388157894737;0.75;2.3723273026315788;2.25;1.348170230263158;1.125;1.2431640625;1.5;2.591334292763158;2.25;1.27001953125;1.6875;0.9063913445723685;1;2.1764108758223686;2.25;0.9657745361328125;1;1.1645278930664062;1.03125;2.1303024291992188;2.625;-1000;-1000;-1000;-1000;-1000;-1000;1.7858330221737133;2;1.3929165110868567;1.5;3.1787495332605697;3.75;1.3580729166666667;1.265625;0.9077690972222222;0.78125;2.265842013888889;1.84375;1.482924374667081;1.125;0.6593421589244496;0.5625;2.1422665335915307;1.6875;0.7409890981820914;0.84375;0.3448034433218149;0.31640625;1.0857925415039062;1.265625;1.4164966914964758;1.125;0.8861525577047596;0.5625;2.3026492492012354;1.6875;1.0003100741993298;0.08447027206420898;0.909245946190574;0.5;1.9095560203899036;0.5
67f93ed19d19fac15e365741;58;male;at;NÖ;false;-4;0;-2;2;1;1;0;0;severalTimesDaily;5;1.5955882352941178;2;0.7536764705882353;1;2.349264705882353;2.25;1.3422619047619047;1.5;0.35119047619047616;0.75;1.693452380952381;2;1.5916666666666666;1.6875;0.5666666666666667;0.75;2.158333333333333;2.25;0.90625;0.5625;1.2109375;1.0625;2.1171875;2;0.9375;0.84375;0.5052083333333334;0.625;1.4427083333333333;1.4765625;1.7723958333333334;2;1.1333333333333333;0.84375;2.9057291666666667;3;1.4396484375;1.265625;0.5516927083333333;0.75;1.9913411458333334;2;0.74755859375;0.6328125;1.4091796875;2;2.15673828125;2;1.499486019736842;1.5;1.4336965460526316;1.5;2.933182565789474;3;1.0464291779891304;1;1.350777004076087;1.5;2.3972061820652173;2.25;0.8302223899147727;0.75;1.3131769353693181;1.5;2.143399325284091;2.25;-1000;-1000;-1000;-1000;-1000;-1000;1.3682933989025297;1.6875;1.0022219703311013;1.125;2.370515369233631;2.8125;1.0290798611111112;1;0.8426649305555556;0.78125;1.8717447916666667;1.6875;1.0717167101408307;0.5625;0.9091447529039884;0.75;1.9808614630448191;1.5;1.1572288513183593;0.921875;0.7372947692871094;0.75;1.8945236206054688;1.96875;1.5337093141343858;1.5625;1.1310942967732747;1.125;2.6648036109076605;2.34375;0.6443111658096313;0.439453125;0.9009517908096314;0.75;1.5452629566192626;1.6875
67f93f179d19fac15e365742;58;male;at;NÖ;false;-4;0;-2;2;1;1;0;0;severalTimesDaily;5;1.5955882352941178;2;0.7536764705882353;1;2.349264705882353;2.25;1.3422619047619047;1.5;0.35119047619047616;0.75;1.693452380952381;2;1.5916666666666666;1.6875;0.5666666666666667;0.75;2.158333333333333;2.25;0.90625;0.5625;1.2109375;1.0625;2.1171875;2;0.9375;0.84375;0.5052083333333334;0.625;1.4427083333333333;1.4765625;1.7723958333333334;2;1.1333333333333333;0.84375;2.9057291666666667;3;1.4396484375;1.265625;0.5516927083333333;0.75;1.9913411458333334;2;0.74755859375;0.6328125;1.4091796875;2;2.15673828125;2;1.499486019736842;1.5;1.4336965460526316;1.5;2.933182565789474;3;1.0464291779891304;1;1.350777004076087;1.5;2.3972061820652173;2.25;0.8302223899147727;0.75;1.3131769353693181;1.5;2.143399325284091;2.25;-1000;-1000;-1000;-1000;-1000;-1000;1.3682933989025297;1.6875;1.0022219703311013;1.125;2.370515369233631;2.8125;1.0290798611111112;1;0.8426649305555556;0.78125;1.8717447916666667;1.6875;1.0717167101408307;0.5625;0.9091447529039884;0.75;1.9808614630448191;1.5;1.1572288513183593;0.921875;0.7372947692871094;0.75;1.8945236206054688;1.96875;1.5337093141343858;1.5625;1.1310942967732747;1.125;2.6648036109076605;2.34375;0.6443111658096313;0.439453125;0.9009517908096314;0.75;1.5452629566192626;1.6875
67f9ba40a249c93025aea876;52;female;at;OÖ;true;-1;3;0;1;1;-2;0;0;daily;4;1.0394736842105263;1;1.6644736842105263;2;2.7039473684210527;3;1.9264705882352942;2;0.6470588235294118;1;2.573529411764706;2;2.200657894736842;2.25;0.6578947368421053;1;2.8585526315789473;3;1.8958333333333333;1.75;0.390625;0.5625;2.2864583333333335;1.84375;1.2997159090909092;0.84375;0.47301136363636365;0.421875;1.7727272727272727;1.265625;1.9441964285714286;2.25;0.8136160714285714;1.3125;2.7578125;2.625;1.6041666666666667;1.5;0.5486111111111112;0.65625;2.1527777777777777;1.96875;1.1541015625;1;1.1353515625;0.875;2.289453125;3;1.42138671875;1.84375;0.377880859375;0.5625;1.799267578125;2;1.2339291779891304;1.5;1.0204971976902173;0.75;2.2544263756793477;2.25;1.248095703125;1.5;0.9802978515625;0.75;2.2283935546875;2.25;-1000;-1000;-1000;-1000;-1000;-1000;1.5137741986443014;2;0.6024753346162683;1.125;2.1162495332605697;2;0.9713541666666666;0.28125;0.21927083333333333;0.421875;1.190625;1.125;1.275845718383789;0.896484375;0.32386035919189454;0.421875;1.5997060775756835;1.0625;0.955704583062066;0.94921875;0.436104244656033;0.4482421875;1.3918088277180989;1.265625;1.3565102577209474;0.6328125;0.5908039569854736;0.31640625;1.9473142147064209;1.1953125;0.6052242120107015;0.08447027206420898;0.8234454393386841;0.65625;1.4286696513493855;1.5
67fa666cfead680a50a485bd;29;female;at;S;false;2;3;1;-1;1;-2;2;1;lessThanOnceWeekly;1;1.6597222222222223;1.75;0.9340277777777778;1;2.59375;3;1.825;2;1.2375;1.5;3.0625;3;2.328125;2.25;1.30078125;1.3125;3.62890625;3.375;2.00625;1.875;1.04375;1;3.05;2.75;1.41796875;0.984375;0.81640625;0.75;2.234375;1.78125;1.6083333333333334;1;0.8385416666666666;0.84375;2.446875;2;1.4631696428571428;1.0546875;0.7868303571428571;0.75;2.25;1.6875;0.6872395833333333;0.6328125;0.9200520833333333;1;1.6072916666666666;2;1.266015625;1;0.966015625;0.75;2.23203125;3;1.5508510044642858;2;1.0627557663690477;1;2.6136067708333335;3;0.9530901227678571;1;0.8578520275297619;0.75;1.810942150297619;2;-1000;-1000;-1000;-1000;-1000;-1000;1.8179580688476562;2;0.8554580688476563;0.75;2.6734161376953125;3;0.6544270833333333;0.84375;0.70078125;0.75;1.3552083333333333;1.40625;0.6847729682922363;0.5625;0.5190625190734863;0.4921875;1.2038354873657227;1.02734375;1.1507835388183594;1.125;0.5599510192871093;0.5625;1.7107345581054687;1.6875;1.1648856892305262;0.5625;0.6206531524658203;0.75;1.7855388416963465;1.125;0.9790767908096314;0.59765625;0.7630611658096313;0.5625;1.7421379566192627;1.40625
67fbb3dabe8947d9cfb61cf4;22;female;at;OÖ;false;2;4;1;-1;2;-2;0;1;daily;4;1.3482142857142858;1;1.4107142857142858;1.5;2.7589285714285716;3;1.7861842105263157;2.25;1.6611842105263157;2;3.4473684210526314;3;1.9708333333333334;1.6875;1.5;1.5;3.470833333333333;3;1.515625;1.5;1.2578125;1;2.7734375;3;1.3839285714285714;1.1953125;0.6819196428571429;0.625;2.0658482142857144;1.6875;1.3771701388888888;1.3125;1.1540798611111112;1;2.53125;2.625;1.1727973090277777;0.94921875;0.8191731770833334;0.5;1.9919704861111112;1.265625;0.8693576388888888;0.974609375;1.2406684027777777;1.0625;2.1100260416666665;2.40625;0.9400111607142857;0.6328125;1.258696056547619;1.5;2.1987072172619047;2;1.6116465692934783;1.5;1.2406058933423914;1.5;2.8522524626358696;3;1.2563587535511365;1.5;1.2929521040482954;1.5;2.5493108575994317;3;-1000;-1000;-1000;-1000;-1000;-1000;1.207579113188244;1.5;1.0650990804036458;1;2.27267819359189;2.25;1.0145833333333334;1;1.2291666666666667;1;2.24375;2;0.6800568320534446;0.19373703002929688;0.7573091333562677;0.921875;1.4373659654097124;1.02734375;1.1504829808285362;1.125;1.0626168502004523;1.125;2.2130998310289884;2.8125;0.9560219764709472;0.31640625;0.9877766132354736;1.0625;1.943798589706421;2;1.2884517908096313;1.125;1.0504758954048157;1.125;2.338927686214447;2.25
67fc3087b8db4c59bc71f460;27;female;de;NRW;false;0;-2;0;0;-1;1;2;1;lessThanOnceWeekly;1;1.6875;2;0.96875;1;2.65625;3;2;2;0.5;1;2.5;3;2.75;3;0.9642857142857143;1;3.7142857142857144;4;2.5208333333333335;3;0.9270833333333334;1;3.4479166666666665;4;1.671875;1.546875;0.6276041666666666;0.5859375;2.2994791666666665;2.1328125;1.94921875;2.25;0.833984375;0.875;2.783203125;3;1.8984375;1.96875;0.675;0.65625;2.5734375;2.625;1.71328125;2;0.881640625;1;2.594921875;3;1.420654296875;1.6875;0.5931396484375;0.5625;2.0137939453125;2.25;1.3300337357954546;1.5;0.5883123224431818;0.5625;1.9183460582386365;2.25;1.12103271484375;1.25;0.615203857421875;0.65625;1.736236572265625;2.125;-1000;-1000;-1000;-1000;-1000;-1000;1.6855201721191406;2.25;0.5771350860595703;0.75;2.262655258178711;3;1.2994791666666667;1.265625;0.7109375;0.7109375;2.0104166666666665;1.84375;1.4040351867675782;1.1953125;0.5276035308837891;0.4921875;1.9316387176513672;1.6875;1.0241744995117188;0.94921875;0.4646263122558594;0.369140625;1.4888008117675782;1.265625;2.080263682774135;2.25;0.6961028235299247;0.75;2.77636650630406;3;0.7884336880275181;0.6328125;0.39421684401375906;0.31640625;1.1826505320412772;0.94921875
67fe961fafdb654e4b5cd9db;44;female;at;OÖ;false;-2;3;-1;1;2;-1;0;0;severalTimesDaily;5;0.8203125;0;0.58203125;1;1.40234375;2;1.3928571428571428;1;-0.38095238095238093;-1;1.0119047619047619;1.5;1.92578125;2.34375;0.0546875;-0.65625;1.98046875;2;1.3125;0.84375;-0.1590909090909091;-0.5;1.1534090909090908;1.125;0.4140625;0;-0.5950520833333334;-0.421875;-0.18098958333333334;-0.421875;0.9129464285714286;1;0.2544642857142857;0.75;1.1674107142857142;2;0.9989583333333333;0.75;0.35;-0.25;1.3489583333333333;0.5;1.076953125;1;0.4826171875;0.75;1.5595703125;2.25;0.8238636363636364;1;0.8411310369318182;1;1.6649946732954546;2;0.653125;0.5;0.96705322265625;1;1.62017822265625;2;0.3980263157894737;0;0.8778975637335527;1.125;1.2759238795230263;2;-1000;-1000;-1000;-1000;-1000;-1000;0.76875;0;0.5910209655761719;0.75;1.3597709655761718;1.21875;0.6303943452380952;0.421875;0.5303199404761905;0.5625;1.1607142857142858;1.6875;0.7996773097826086;0.474609375;0.49474948385487433;0.5625;1.294426793637483;1.58203125;0.5643669577205882;0.474609375;0.15662204518037684;0.2373046875;0.7209890029009651;0.7119140625;0.8518597146739131;0.474609375;0.5037081759908925;0.5625;1.3555678906648054;0.94921875;0;0;0.4256746619939804;0.75;0.4256746619939804;0.75
680156de8aad397aa0c6f03d;26;male;at;W;false;-2;3;-1;1;1;-2;0;2;oneToThreeTimesWeekly;2;1.4541666666666666;1;1.175;1;2.629166666666667;2.25;1.525;2;1.225;1;2.75;3;2.25;2.25;0.75;0.75;3;3;1.68125;1.3125;0.6875;0.65625;2.36875;2;1.3411458333333333;1.0625;0.5546875;0.421875;1.8958333333333333;1.3828125;2.209375;2.25;1.0385416666666667;0.84375;3.247916666666667;3;1.4603365384615385;1.5;0.5576923076923077;0.5625;2.0180288461538463;2.25;1.1627604166666667;0.59765625;0.9887152777777778;0.875;2.1514756944444446;2;1.8431396484375;2.125;1.24188232421875;1.25;3.08502197265625;3;1.0908935546875;0.875;0.98919677734375;0.875;2.08009033203125;2.5;0.9888044084821429;0.75;0.9438069661458334;0.75;1.9326113746279763;2;-1000;-1000;-1000;-1000;-1000;-1000;1.7462695893787203;2.25;1.0085514613560267;1;2.754821050734747;3;1.5002170138888888;1.3125;0.755859375;0.5625;2.256076388888889;1.84375;1.4892262050083704;1.125;0.8205292111351377;0.5625;2.309755416143508;1.6875;1.1845603942871095;1;0.5850719451904297;0.5625;1.769632339477539;2;1.5180825233459472;1.125;0.7966145038604736;0.5625;2.314697027206421;1.6875;0.5559565544128418;0.08447027206420898;0.6881345272064209;0.5625;1.2440910816192627;1.125
680f3cf7c026b4b5a69fbd23;28;male;at;OÖ;false;-1;4;0;1;2;-2;1;2;oneToThreeTimesWeekly;2;1.400735294117647;1.5;1.1985294117647058;1;2.599264705882353;3;2.0911458333333335;2.25;0.5338541666666666;1;2.625;3;2.0892857142857144;2;0.8125;1;2.9017857142857144;3.75;1.8680555555555556;1.5;0.7777777777777778;0.5625;2.6458333333333335;2;1.1538461538461537;0.84375;0.5324519230769231;0.421875;1.6862980769230769;1.265625;1.3972355769230769;0.94921875;0.9921875;0.75;2.389423076923077;2;1.431298828125;0.94921875;0.557568359375;0.421875;1.9888671875;1.265625;1.2738715277777777;1;0.728515625;0.81640625;2.0023871527777777;2.125;1.0850123355263157;1;1.2957956414473684;1.5;2.380807976973684;2.25;1.4513204823369565;1.5;0.9851711107336957;1;2.4364915930706523;2.25;1.2364723899147727;1.3125;0.9747702858664773;1;2.21124267578125;2.125;-1000;-1000;-1000;-1000;-1000;-1000;1.2590348093133223;1;1.1048463520250822;1;2.3638811613384045;2;1.0853515625;1;0.7212890625;0.84375;1.806640625;1.84375;1.2102665620691635;0.5625;0.7773816725786995;0.6328125;1.987648234647863;1.6875;0.8964744567871094;0.94921875;0.7921031951904297;0.6328125;1.688577651977539;1.791015625;0.9731871956273129;0.5625;0.9245818790636564;0.75;1.8977690746909694;1.6875;1.4142756760120392;1.5;0.6446378380060196;0.75;2.0589135140180588;2.25